cell,class,count,n,expected_n,proportion,wilson95_low,wilson95_high
E,T1,183,200,200,0.915,0.8681041292843443,0.9462542498225244
E,T0,0,200,200,0.0,1.734723475976807e-18,0.018845326377266575
E,HE,16,200,200,0.08,0.049840585889759974,0.12598948826714396
E,SHART,1,200,200,0.005,0.0008831687156009814,0.02777370439789293
E,SHAMS,0,200,200,0.0,1.734723475976807e-18,0.018845326377266575
E,MX,0,200,200,0.0,1.734723475976807e-18,0.018845326377266575
E,OT,0,200,200,0.0,1.734723475976807e-18,0.018845326377266575
E,V0,0,200,200,0.0,1.734723475976807e-18,0.018845326377266575
E,V1,0,200,200,0.0,1.734723475976807e-18,0.018845326377266575
E,NV,0,200,200,0.0,1.734723475976807e-18,0.018845326377266575
E,REFUSAL,0,200,200,0.0,1.734723475976807e-18,0.018845326377266575
E,SAFETY,0,200,200,0.0,1.734723475976807e-18,0.018845326377266575
E,TOOL,0,200,200,0.0,1.734723475976807e-18,0.018845326377266575
E,ERROR,0,200,200,0.0,1.734723475976807e-18,0.018845326377266575
F,T1,0,200,200,0.0,1.734723475976807e-18,0.018845326377266575
F,T0,0,200,200,0.0,1.734723475976807e-18,0.018845326377266575
F,HE,0,200,200,0.0,1.734723475976807e-18,0.018845326377266575
F,SHART,0,200,200,0.0,1.734723475976807e-18,0.018845326377266575
F,SHAMS,0,200,200,0.0,1.734723475976807e-18,0.018845326377266575
F,MX,0,200,200,0.0,1.734723475976807e-18,0.018845326377266575
F,OT,0,200,200,0.0,1.734723475976807e-18,0.018845326377266575
F,V0,200,200,200,1.0,0.9811546736227335,1.0
F,V1,0,200,200,0.0,1.734723475976807e-18,0.018845326377266575
F,NV,0,200,200,0.0,1.734723475976807e-18,0.018845326377266575
F,REFUSAL,0,200,200,0.0,1.734723475976807e-18,0.018845326377266575
F,SAFETY,0,200,200,0.0,1.734723475976807e-18,0.018845326377266575
F,TOOL,0,200,200,0.0,1.734723475976807e-18,0.018845326377266575
F,ERROR,0,200,200,0.0,1.734723475976807e-18,0.018845326377266575
G,T1,0,200,200,0.0,1.734723475976807e-18,0.018845326377266575
G,T0,0,200,200,0.0,1.734723475976807e-18,0.018845326377266575
G,HE,0,200,200,0.0,1.734723475976807e-18,0.018845326377266575
G,SHART,1,200,200,0.005,0.0008831687156009814,0.02777370439789293
G,SHAMS,0,200,200,0.0,1.734723475976807e-18,0.018845326377266575
G,MX,0,200,200,0.0,1.734723475976807e-18,0.018845326377266575
G,OT,1,200,200,0.005,0.0008831687156009814,0.02777370439789293
G,V0,198,200,200,0.99,0.9642782382838231,0.9972533418664555
G,V1,0,200,200,0.0,1.734723475976807e-18,0.018845326377266575
G,NV,0,200,200,0.0,1.734723475976807e-18,0.018845326377266575
G,REFUSAL,0,200,200,0.0,1.734723475976807e-18,0.018845326377266575
G,SAFETY,0,200,200,0.0,1.734723475976807e-18,0.018845326377266575
G,TOOL,0,200,200,0.0,1.734723475976807e-18,0.018845326377266575
G,ERROR,0,200,200,0.0,1.734723475976807e-18,0.018845326377266575
H,T1,55,200,200,0.275,0.21779700329307355,0.34068339357669647
H,T0,0,200,200,0.0,1.734723475976807e-18,0.018845326377266575
H,HE,144,200,200,0.72,0.6540769541334929,0.7776311022605097
H,SHART,0,200,200,0.0,1.734723475976807e-18,0.018845326377266575
H,SHAMS,1,200,200,0.005,0.0008831687156009814,0.02777370439789293
H,MX,0,200,200,0.0,1.734723475976807e-18,0.018845326377266575
H,OT,0,200,200,0.0,1.734723475976807e-18,0.018845326377266575
H,V0,0,200,200,0.0,1.734723475976807e-18,0.018845326377266575
H,V1,0,200,200,0.0,1.734723475976807e-18,0.018845326377266575
H,NV,0,200,200,0.0,1.734723475976807e-18,0.018845326377266575
H,REFUSAL,0,200,200,0.0,1.734723475976807e-18,0.018845326377266575
H,SAFETY,0,200,200,0.0,1.734723475976807e-18,0.018845326377266575
H,TOOL,0,200,200,0.0,1.734723475976807e-18,0.018845326377266575
H,ERROR,0,200,200,0.0,1.734723475976807e-18,0.018845326377266575
