slot_id,cell,class,named_prerequisite,user_input,prerequisite_matched,attempt_number,definitive_path
slot-0001,E,T1,0,0,1,1,raw/definitive/slot-0001.json
slot-0002,F,V0,0,1,0,1,raw/definitive/slot-0002.json
slot-0003,F,V0,0,1,0,1,raw/definitive/slot-0003.json
slot-0004,F,V0,0,1,0,1,raw/definitive/slot-0004.json
slot-0005,H,HE,1,1,1,1,raw/definitive/slot-0005.json
slot-0006,H,T1,1,1,1,1,raw/definitive/slot-0006.json
slot-0007,F,V0,0,1,0,1,raw/definitive/slot-0007.json
slot-0008,E,T1,0,0,1,1,raw/definitive/slot-0008.json
slot-0009,H,T1,1,1,1,1,raw/definitive/slot-0009.json
slot-0010,E,T1,0,0,1,1,raw/definitive/slot-0010.json
slot-0011,H,HE,1,1,1,1,raw/definitive/slot-0011.json
slot-0012,E,T1,0,0,1,1,raw/definitive/slot-0012.json
slot-0013,F,V0,0,1,0,1,raw/definitive/slot-0013.json
slot-0014,E,T1,0,0,1,1,raw/definitive/slot-0014.json
slot-0015,F,V0,0,1,0,1,raw/definitive/slot-0015.json
slot-0016,G,SHART,1,0,0,1,raw/definitive/slot-0016.json
slot-0017,F,V0,0,1,0,1,raw/definitive/slot-0017.json
slot-0018,H,HE,1,1,1,1,raw/definitive/slot-0018.json
slot-0019,F,V0,0,1,0,1,raw/definitive/slot-0019.json
slot-0020,G,V0,1,0,0,1,raw/definitive/slot-0020.json
slot-0021,F,V0,0,1,0,1,raw/definitive/slot-0021.json
slot-0022,E,T1,0,0,1,1,raw/definitive/slot-0022.json
slot-0023,F,V0,0,1,0,1,raw/definitive/slot-0023.json
slot-0024,E,T1,0,0,1,1,raw/definitive/slot-0024.json
slot-0025,G,V0,1,0,0,1,raw/definitive/slot-0025.json
slot-0026,E,T1,0,0,1,1,raw/definitive/slot-0026.json
slot-0027,G,V0,1,0,0,1,raw/definitive/slot-0027.json
slot-0028,G,V0,1,0,0,1,raw/definitive/slot-0028.json
slot-0029,H,T1,1,1,1,1,raw/definitive/slot-0029.json
slot-0030,H,T1,1,1,1,1,raw/definitive/slot-0030.json
slot-0031,H,HE,1,1,1,1,raw/definitive/slot-0031.json
slot-0032,E,T1,0,0,1,1,raw/definitive/slot-0032.json
slot-0033,E,T1,0,0,1,1,raw/definitive/slot-0033.json
slot-0034,E,T1,0,0,1,1,raw/definitive/slot-0034.json
slot-0035,H,HE,1,1,1,1,raw/definitive/slot-0035.json
slot-0036,G,V0,1,0,0,1,raw/definitive/slot-0036.json
slot-0037,G,V0,1,0,0,1,raw/definitive/slot-0037.json
slot-0038,G,V0,1,0,0,1,raw/definitive/slot-0038.json
slot-0039,E,T1,0,0,1,1,raw/definitive/slot-0039.json
slot-0040,G,V0,1,0,0,1,raw/definitive/slot-0040.json
slot-0041,H,HE,1,1,1,1,raw/definitive/slot-0041.json
slot-0042,E,T1,0,0,1,1,raw/definitive/slot-0042.json
slot-0043,H,T1,1,1,1,1,raw/definitive/slot-0043.json
slot-0044,F,V0,0,1,0,1,raw/definitive/slot-0044.json
slot-0045,E,T1,0,0,1,1,raw/definitive/slot-0045.json
slot-0046,G,V0,1,0,0,1,raw/definitive/slot-0046.json
slot-0047,E,T1,0,0,1,1,raw/definitive/slot-0047.json
slot-0048,E,SHART,0,0,1,1,raw/definitive/slot-0048.json
slot-0049,H,T1,1,1,1,1,raw/definitive/slot-0049.json
slot-0050,E,T1,0,0,1,1,raw/definitive/slot-0050.json
slot-0051,F,V0,0,1,0,1,raw/definitive/slot-0051.json
slot-0052,H,HE,1,1,1,1,raw/definitive/slot-0052.json
slot-0053,E,T1,0,0,1,1,raw/definitive/slot-0053.json
slot-0054,F,V0,0,1,0,1,raw/definitive/slot-0054.json
slot-0055,G,V0,1,0,0,1,raw/definitive/slot-0055.json
slot-0056,E,T1,0,0,1,1,raw/definitive/slot-0056.json
slot-0057,H,T1,1,1,1,1,raw/definitive/slot-0057.json
slot-0058,H,HE,1,1,1,1,raw/definitive/slot-0058.json
slot-0059,F,V0,0,1,0,1,raw/definitive/slot-0059.json
slot-0060,H,T1,1,1,1,1,raw/definitive/slot-0060.json
slot-0061,E,T1,0,0,1,1,raw/definitive/slot-0061.json
slot-0062,F,V0,0,1,0,1,raw/definitive/slot-0062.json
slot-0063,H,HE,1,1,1,1,raw/definitive/slot-0063.json
slot-0064,G,V0,1,0,0,1,raw/definitive/slot-0064.json
slot-0065,F,V0,0,1,0,1,raw/definitive/slot-0065.json
slot-0066,G,V0,1,0,0,1,raw/definitive/slot-0066.json
slot-0067,F,V0,0,1,0,1,raw/definitive/slot-0067.json
slot-0068,F,V0,0,1,0,1,raw/definitive/slot-0068.json
slot-0069,E,T1,0,0,1,1,raw/definitive/slot-0069.json
slot-0070,F,V0,0,1,0,1,raw/definitive/slot-0070.json
slot-0071,F,V0,0,1,0,1,raw/definitive/slot-0071.json
slot-0072,F,V0,0,1,0,1,raw/definitive/slot-0072.json
slot-0073,H,T1,1,1,1,1,raw/definitive/slot-0073.json
slot-0074,G,V0,1,0,0,1,raw/definitive/slot-0074.json
slot-0075,H,HE,1,1,1,1,raw/definitive/slot-0075.json
slot-0076,F,V0,0,1,0,1,raw/definitive/slot-0076.json
slot-0077,E,T1,0,0,1,1,raw/definitive/slot-0077.json
slot-0078,E,HE,0,0,1,1,raw/definitive/slot-0078.json
slot-0079,E,T1,0,0,1,1,raw/definitive/slot-0079.json
slot-0080,E,T1,0,0,1,1,raw/definitive/slot-0080.json
slot-0081,H,T1,1,1,1,1,raw/definitive/slot-0081.json
slot-0082,F,V0,0,1,0,1,raw/definitive/slot-0082.json
slot-0083,F,V0,0,1,0,1,raw/definitive/slot-0083.json
slot-0084,F,V0,0,1,0,1,raw/definitive/slot-0084.json
slot-0085,G,V0,1,0,0,1,raw/definitive/slot-0085.json
slot-0086,F,V0,0,1,0,1,raw/definitive/slot-0086.json
slot-0087,H,T1,1,1,1,1,raw/definitive/slot-0087.json
slot-0088,F,V0,0,1,0,1,raw/definitive/slot-0088.json
slot-0089,G,V0,1,0,0,1,raw/definitive/slot-0089.json
slot-0090,E,T1,0,0,1,1,raw/definitive/slot-0090.json
slot-0091,E,T1,0,0,1,1,raw/definitive/slot-0091.json
slot-0092,H,T1,1,1,1,1,raw/definitive/slot-0092.json
slot-0093,H,T1,1,1,1,1,raw/definitive/slot-0093.json
slot-0094,G,V0,1,0,0,1,raw/definitive/slot-0094.json
slot-0095,G,V0,1,0,0,1,raw/definitive/slot-0095.json
slot-0096,E,T1,0,0,1,1,raw/definitive/slot-0096.json
slot-0097,F,V0,0,1,0,1,raw/definitive/slot-0097.json
slot-0098,E,T1,0,0,1,1,raw/definitive/slot-0098.json
slot-0099,F,V0,0,1,0,1,raw/definitive/slot-0099.json
slot-0100,H,HE,1,1,1,1,raw/definitive/slot-0100.json
slot-0101,H,HE,1,1,1,1,raw/definitive/slot-0101.json
slot-0102,G,V0,1,0,0,1,raw/definitive/slot-0102.json
slot-0103,G,V0,1,0,0,1,raw/definitive/slot-0103.json
slot-0104,E,T1,0,0,1,1,raw/definitive/slot-0104.json
slot-0105,E,T1,0,0,1,1,raw/definitive/slot-0105.json
slot-0106,F,V0,0,1,0,1,raw/definitive/slot-0106.json
slot-0107,F,V0,0,1,0,1,raw/definitive/slot-0107.json
slot-0108,E,T1,0,0,1,1,raw/definitive/slot-0108.json
slot-0109,H,T1,1,1,1,1,raw/definitive/slot-0109.json
slot-0110,E,T1,0,0,1,1,raw/definitive/slot-0110.json
slot-0111,E,T1,0,0,1,1,raw/definitive/slot-0111.json
slot-0112,H,HE,1,1,1,1,raw/definitive/slot-0112.json
slot-0113,E,T1,0,0,1,1,raw/definitive/slot-0113.json
slot-0114,E,T1,0,0,1,1,raw/definitive/slot-0114.json
slot-0115,F,V0,0,1,0,1,raw/definitive/slot-0115.json
slot-0116,E,T1,0,0,1,1,raw/definitive/slot-0116.json
slot-0117,F,V0,0,1,0,1,raw/definitive/slot-0117.json
slot-0118,E,T1,0,0,1,1,raw/definitive/slot-0118.json
slot-0119,G,V0,1,0,0,1,raw/definitive/slot-0119.json
slot-0120,H,T1,1,1,1,1,raw/definitive/slot-0120.json
slot-0121,E,HE,0,0,1,1,raw/definitive/slot-0121.json
slot-0122,G,V0,1,0,0,1,raw/definitive/slot-0122.json
slot-0123,G,V0,1,0,0,1,raw/definitive/slot-0123.json
slot-0124,H,HE,1,1,1,1,raw/definitive/slot-0124.json
slot-0125,H,T1,1,1,1,1,raw/definitive/slot-0125.json
slot-0126,G,OT,1,0,0,1,raw/definitive/slot-0126.json
slot-0127,F,V0,0,1,0,1,raw/definitive/slot-0127.json
slot-0128,E,T1,0,0,1,1,raw/definitive/slot-0128.json
slot-0129,G,V0,1,0,0,1,raw/definitive/slot-0129.json
slot-0130,G,V0,1,0,0,1,raw/definitive/slot-0130.json
slot-0131,H,HE,1,1,1,1,raw/definitive/slot-0131.json
slot-0132,F,V0,0,1,0,1,raw/definitive/slot-0132.json
slot-0133,E,T1,0,0,1,1,raw/definitive/slot-0133.json
slot-0134,F,V0,0,1,0,1,raw/definitive/slot-0134.json
slot-0135,G,V0,1,0,0,1,raw/definitive/slot-0135.json
slot-0136,G,V0,1,0,0,1,raw/definitive/slot-0136.json
slot-0137,F,V0,0,1,0,1,raw/definitive/slot-0137.json
slot-0138,G,V0,1,0,0,1,raw/definitive/slot-0138.json
slot-0139,H,HE,1,1,1,1,raw/definitive/slot-0139.json
slot-0140,G,V0,1,0,0,1,raw/definitive/slot-0140.json
slot-0141,H,T1,1,1,1,1,raw/definitive/slot-0141.json
slot-0142,G,V0,1,0,0,1,raw/definitive/slot-0142.json
slot-0143,F,V0,0,1,0,1,raw/definitive/slot-0143.json
slot-0144,H,T1,1,1,1,1,raw/definitive/slot-0144.json
slot-0145,H,HE,1,1,1,1,raw/definitive/slot-0145.json
slot-0146,F,V0,0,1,0,1,raw/definitive/slot-0146.json
slot-0147,E,T1,0,0,1,1,raw/definitive/slot-0147.json
slot-0148,H,HE,1,1,1,1,raw/definitive/slot-0148.json
slot-0149,G,V0,1,0,0,1,raw/definitive/slot-0149.json
slot-0150,F,V0,0,1,0,1,raw/definitive/slot-0150.json
slot-0151,E,T1,0,0,1,1,raw/definitive/slot-0151.json
slot-0152,H,HE,1,1,1,1,raw/definitive/slot-0152.json
slot-0153,H,HE,1,1,1,1,raw/definitive/slot-0153.json
slot-0154,H,HE,1,1,1,1,raw/definitive/slot-0154.json
slot-0155,H,T1,1,1,1,1,raw/definitive/slot-0155.json
slot-0156,E,T1,0,0,1,1,raw/definitive/slot-0156.json
slot-0157,H,HE,1,1,1,1,raw/definitive/slot-0157.json
slot-0158,H,HE,1,1,1,1,raw/definitive/slot-0158.json
slot-0159,E,T1,0,0,1,1,raw/definitive/slot-0159.json
slot-0160,G,V0,1,0,0,1,raw/definitive/slot-0160.json
slot-0161,F,V0,0,1,0,1,raw/definitive/slot-0161.json
slot-0162,G,V0,1,0,0,1,raw/definitive/slot-0162.json
slot-0163,H,HE,1,1,1,1,raw/definitive/slot-0163.json
slot-0164,F,V0,0,1,0,1,raw/definitive/slot-0164.json
slot-0165,G,V0,1,0,0,1,raw/definitive/slot-0165.json
slot-0166,G,V0,1,0,0,1,raw/definitive/slot-0166.json
slot-0167,F,V0,0,1,0,1,raw/definitive/slot-0167.json
slot-0168,H,HE,1,1,1,1,raw/definitive/slot-0168.json
slot-0169,F,V0,0,1,0,1,raw/definitive/slot-0169.json
slot-0170,G,V0,1,0,0,1,raw/definitive/slot-0170.json
slot-0171,G,V0,1,0,0,1,raw/definitive/slot-0171.json
slot-0172,E,T1,0,0,1,1,raw/definitive/slot-0172.json
slot-0173,F,V0,0,1,0,1,raw/definitive/slot-0173.json
slot-0174,E,T1,0,0,1,1,raw/definitive/slot-0174.json
slot-0175,F,V0,0,1,0,1,raw/definitive/slot-0175.json
slot-0176,G,V0,1,0,0,1,raw/definitive/slot-0176.json
slot-0177,G,V0,1,0,0,1,raw/definitive/slot-0177.json
slot-0178,H,HE,1,1,1,1,raw/definitive/slot-0178.json
slot-0179,H,HE,1,1,1,1,raw/definitive/slot-0179.json
slot-0180,F,V0,0,1,0,1,raw/definitive/slot-0180.json
slot-0181,G,V0,1,0,0,1,raw/definitive/slot-0181.json
slot-0182,E,T1,0,0,1,1,raw/definitive/slot-0182.json
slot-0183,E,T1,0,0,1,1,raw/definitive/slot-0183.json
slot-0184,F,V0,0,1,0,1,raw/definitive/slot-0184.json
slot-0185,H,T1,1,1,1,1,raw/definitive/slot-0185.json
slot-0186,G,V0,1,0,0,1,raw/definitive/slot-0186.json
slot-0187,E,T1,0,0,1,1,raw/definitive/slot-0187.json
slot-0188,F,V0,0,1,0,1,raw/definitive/slot-0188.json
slot-0189,E,T1,0,0,1,1,raw/definitive/slot-0189.json
slot-0190,F,V0,0,1,0,1,raw/definitive/slot-0190.json
slot-0191,E,HE,0,0,1,1,raw/definitive/slot-0191.json
slot-0192,G,V0,1,0,0,1,raw/definitive/slot-0192.json
slot-0193,H,HE,1,1,1,1,raw/definitive/slot-0193.json
slot-0194,F,V0,0,1,0,1,raw/definitive/slot-0194.json
slot-0195,F,V0,0,1,0,1,raw/definitive/slot-0195.json
slot-0196,H,HE,1,1,1,1,raw/definitive/slot-0196.json
slot-0197,H,HE,1,1,1,1,raw/definitive/slot-0197.json
slot-0198,G,V0,1,0,0,1,raw/definitive/slot-0198.json
slot-0199,H,T1,1,1,1,1,raw/definitive/slot-0199.json
slot-0200,F,V0,0,1,0,1,raw/definitive/slot-0200.json
slot-0201,F,V0,0,1,0,1,raw/definitive/slot-0201.json
slot-0202,H,HE,1,1,1,1,raw/definitive/slot-0202.json
slot-0203,H,HE,1,1,1,1,raw/definitive/slot-0203.json
slot-0204,F,V0,0,1,0,1,raw/definitive/slot-0204.json
slot-0205,F,V0,0,1,0,1,raw/definitive/slot-0205.json
slot-0206,E,T1,0,0,1,1,raw/definitive/slot-0206.json
slot-0207,H,T1,1,1,1,1,raw/definitive/slot-0207.json
slot-0208,G,V0,1,0,0,1,raw/definitive/slot-0208.json
slot-0209,F,V0,0,1,0,1,raw/definitive/slot-0209.json
slot-0210,F,V0,0,1,0,1,raw/definitive/slot-0210.json
slot-0211,G,V0,1,0,0,1,raw/definitive/slot-0211.json
slot-0212,G,V0,1,0,0,1,raw/definitive/slot-0212.json
slot-0213,H,HE,1,1,1,1,raw/definitive/slot-0213.json
slot-0214,G,V0,1,0,0,1,raw/definitive/slot-0214.json
slot-0215,G,V0,1,0,0,1,raw/definitive/slot-0215.json
slot-0216,F,V0,0,1,0,1,raw/definitive/slot-0216.json
slot-0217,H,HE,1,1,1,1,raw/definitive/slot-0217.json
slot-0218,H,HE,1,1,1,1,raw/definitive/slot-0218.json
slot-0219,F,V0,0,1,0,1,raw/definitive/slot-0219.json
slot-0220,F,V0,0,1,0,1,raw/definitive/slot-0220.json
slot-0221,E,T1,0,0,1,1,raw/definitive/slot-0221.json
slot-0222,G,V0,1,0,0,1,raw/definitive/slot-0222.json
slot-0223,F,V0,0,1,0,1,raw/definitive/slot-0223.json
slot-0224,G,V0,1,0,0,1,raw/definitive/slot-0224.json
slot-0225,F,V0,0,1,0,1,raw/definitive/slot-0225.json
slot-0226,G,V0,1,0,0,1,raw/definitive/slot-0226.json
slot-0227,G,V0,1,0,0,1,raw/definitive/slot-0227.json
slot-0228,H,HE,1,1,1,1,raw/definitive/slot-0228.json
slot-0229,H,T1,1,1,1,1,raw/definitive/slot-0229.json
slot-0230,E,T1,0,0,1,1,raw/definitive/slot-0230.json
slot-0231,G,V0,1,0,0,1,raw/definitive/slot-0231.json
slot-0232,E,T1,0,0,1,1,raw/definitive/slot-0232.json
slot-0233,H,T1,1,1,1,1,raw/definitive/slot-0233.json
slot-0234,F,V0,0,1,0,1,raw/definitive/slot-0234.json
slot-0235,F,V0,0,1,0,1,raw/definitive/slot-0235.json
slot-0236,E,T1,0,0,1,1,raw/definitive/slot-0236.json
slot-0237,F,V0,0,1,0,1,raw/definitive/slot-0237.json
slot-0238,G,V0,1,0,0,1,raw/definitive/slot-0238.json
slot-0239,G,V0,1,0,0,1,raw/definitive/slot-0239.json
slot-0240,G,V0,1,0,0,1,raw/definitive/slot-0240.json
slot-0241,G,V0,1,0,0,1,raw/definitive/slot-0241.json
slot-0242,F,V0,0,1,0,1,raw/definitive/slot-0242.json
slot-0243,E,T1,0,0,1,1,raw/definitive/slot-0243.json
slot-0244,E,T1,0,0,1,1,raw/definitive/slot-0244.json
slot-0245,H,HE,1,1,1,1,raw/definitive/slot-0245.json
slot-0246,F,V0,0,1,0,1,raw/definitive/slot-0246.json
slot-0247,G,V0,1,0,0,1,raw/definitive/slot-0247.json
slot-0248,E,T1,0,0,1,1,raw/definitive/slot-0248.json
slot-0249,G,V0,1,0,0,1,raw/definitive/slot-0249.json
slot-0250,E,T1,0,0,1,1,raw/definitive/slot-0250.json
slot-0251,H,HE,1,1,1,1,raw/definitive/slot-0251.json
slot-0252,G,V0,1,0,0,1,raw/definitive/slot-0252.json
slot-0253,F,V0,0,1,0,1,raw/definitive/slot-0253.json
slot-0254,G,V0,1,0,0,1,raw/definitive/slot-0254.json
slot-0255,E,T1,0,0,1,1,raw/definitive/slot-0255.json
slot-0256,F,V0,0,1,0,1,raw/definitive/slot-0256.json
slot-0257,G,V0,1,0,0,1,raw/definitive/slot-0257.json
slot-0258,F,V0,0,1,0,1,raw/definitive/slot-0258.json
slot-0259,E,T1,0,0,1,1,raw/definitive/slot-0259.json
slot-0260,H,HE,1,1,1,1,raw/definitive/slot-0260.json
slot-0261,G,V0,1,0,0,1,raw/definitive/slot-0261.json
slot-0262,F,V0,0,1,0,1,raw/definitive/slot-0262.json
slot-0263,H,HE,1,1,1,1,raw/definitive/slot-0263.json
slot-0264,F,V0,0,1,0,1,raw/definitive/slot-0264.json
slot-0265,F,V0,0,1,0,1,raw/definitive/slot-0265.json
slot-0266,F,V0,0,1,0,1,raw/definitive/slot-0266.json
slot-0267,G,V0,1,0,0,1,raw/definitive/slot-0267.json
slot-0268,F,V0,0,1,0,1,raw/definitive/slot-0268.json
slot-0269,E,HE,0,0,1,1,raw/definitive/slot-0269.json
slot-0270,H,HE,1,1,1,1,raw/definitive/slot-0270.json
slot-0271,G,V0,1,0,0,1,raw/definitive/slot-0271.json
slot-0272,F,V0,0,1,0,1,raw/definitive/slot-0272.json
slot-0273,H,HE,1,1,1,1,raw/definitive/slot-0273.json
slot-0274,F,V0,0,1,0,1,raw/definitive/slot-0274.json
slot-0275,F,V0,0,1,0,1,raw/definitive/slot-0275.json
slot-0276,H,HE,1,1,1,1,raw/definitive/slot-0276.json
slot-0277,E,T1,0,0,1,1,raw/definitive/slot-0277.json
slot-0278,G,V0,1,0,0,1,raw/definitive/slot-0278.json
slot-0279,E,T1,0,0,1,1,raw/definitive/slot-0279.json
slot-0280,G,V0,1,0,0,1,raw/definitive/slot-0280.json
slot-0281,E,T1,0,0,1,1,raw/definitive/slot-0281.json
slot-0282,H,HE,1,1,1,1,raw/definitive/slot-0282.json
slot-0283,H,HE,1,1,1,1,raw/definitive/slot-0283.json
slot-0284,H,T1,1,1,1,1,raw/definitive/slot-0284.json
slot-0285,H,HE,1,1,1,1,raw/definitive/slot-0285.json
slot-0286,H,T1,1,1,1,1,raw/definitive/slot-0286.json
slot-0287,G,V0,1,0,0,1,raw/definitive/slot-0287.json
slot-0288,G,V0,1,0,0,1,raw/definitive/slot-0288.json
slot-0289,H,T1,1,1,1,1,raw/definitive/slot-0289.json
slot-0290,E,T1,0,0,1,1,raw/definitive/slot-0290.json
slot-0291,G,V0,1,0,0,1,raw/definitive/slot-0291.json
slot-0292,H,HE,1,1,1,1,raw/definitive/slot-0292.json
slot-0293,E,T1,0,0,1,1,raw/definitive/slot-0293.json
slot-0294,G,V0,1,0,0,1,raw/definitive/slot-0294.json
slot-0295,H,HE,1,1,1,1,raw/definitive/slot-0295.json
slot-0296,F,V0,0,1,0,1,raw/definitive/slot-0296.json
slot-0297,E,T1,0,0,1,1,raw/definitive/slot-0297.json
slot-0298,H,HE,1,1,1,1,raw/definitive/slot-0298.json
slot-0299,F,V0,0,1,0,1,raw/definitive/slot-0299.json
slot-0300,H,HE,1,1,1,1,raw/definitive/slot-0300.json
slot-0301,F,V0,0,1,0,1,raw/definitive/slot-0301.json
slot-0302,H,HE,1,1,1,1,raw/definitive/slot-0302.json
slot-0303,E,T1,0,0,1,1,raw/definitive/slot-0303.json
slot-0304,G,V0,1,0,0,1,raw/definitive/slot-0304.json
slot-0305,H,HE,1,1,1,1,raw/definitive/slot-0305.json
slot-0306,E,T1,0,0,1,1,raw/definitive/slot-0306.json
slot-0307,E,T1,0,0,1,1,raw/definitive/slot-0307.json
slot-0308,E,T1,0,0,1,1,raw/definitive/slot-0308.json
slot-0309,E,T1,0,0,1,1,raw/definitive/slot-0309.json
slot-0310,F,V0,0,1,0,1,raw/definitive/slot-0310.json
slot-0311,G,V0,1,0,0,1,raw/definitive/slot-0311.json
slot-0312,H,T1,1,1,1,1,raw/definitive/slot-0312.json
slot-0313,H,HE,1,1,1,1,raw/definitive/slot-0313.json
slot-0314,F,V0,0,1,0,1,raw/definitive/slot-0314.json
slot-0315,F,V0,0,1,0,1,raw/definitive/slot-0315.json
slot-0316,H,T1,1,1,1,1,raw/definitive/slot-0316.json
slot-0317,G,V0,1,0,0,1,raw/definitive/slot-0317.json
slot-0318,H,HE,1,1,1,1,raw/definitive/slot-0318.json
slot-0319,G,V0,1,0,0,1,raw/definitive/slot-0319.json
slot-0320,E,T1,0,0,1,1,raw/definitive/slot-0320.json
slot-0321,H,HE,1,1,1,1,raw/definitive/slot-0321.json
slot-0322,E,T1,0,0,1,1,raw/definitive/slot-0322.json
slot-0323,E,T1,0,0,1,1,raw/definitive/slot-0323.json
slot-0324,E,HE,0,0,1,1,raw/definitive/slot-0324.json
slot-0325,H,HE,1,1,1,1,raw/definitive/slot-0325.json
slot-0326,G,V0,1,0,0,1,raw/definitive/slot-0326.json
slot-0327,E,T1,0,0,1,1,raw/definitive/slot-0327.json
slot-0328,E,T1,0,0,1,1,raw/definitive/slot-0328.json
slot-0329,E,T1,0,0,1,1,raw/definitive/slot-0329.json
slot-0330,H,T1,1,1,1,1,raw/definitive/slot-0330.json
slot-0331,G,V0,1,0,0,1,raw/definitive/slot-0331.json
slot-0332,G,V0,1,0,0,1,raw/definitive/slot-0332.json
slot-0333,F,V0,0,1,0,1,raw/definitive/slot-0333.json
slot-0334,H,HE,1,1,1,1,raw/definitive/slot-0334.json
slot-0335,E,T1,0,0,1,1,raw/definitive/slot-0335.json
slot-0336,G,V0,1,0,0,1,raw/definitive/slot-0336.json
slot-0337,H,HE,1,1,1,1,raw/definitive/slot-0337.json
slot-0338,G,V0,1,0,0,1,raw/definitive/slot-0338.json
slot-0339,H,HE,1,1,1,1,raw/definitive/slot-0339.json
slot-0340,G,V0,1,0,0,1,raw/definitive/slot-0340.json
slot-0341,E,T1,0,0,1,1,raw/definitive/slot-0341.json
slot-0342,G,V0,1,0,0,1,raw/definitive/slot-0342.json
slot-0343,H,HE,1,1,1,1,raw/definitive/slot-0343.json
slot-0344,H,T1,1,1,1,1,raw/definitive/slot-0344.json
slot-0345,H,HE,1,1,1,1,raw/definitive/slot-0345.json
slot-0346,G,V0,1,0,0,1,raw/definitive/slot-0346.json
slot-0347,G,V0,1,0,0,1,raw/definitive/slot-0347.json
slot-0348,G,V0,1,0,0,1,raw/definitive/slot-0348.json
slot-0349,F,V0,0,1,0,1,raw/definitive/slot-0349.json
slot-0350,F,V0,0,1,0,1,raw/definitive/slot-0350.json
slot-0351,E,T1,0,0,1,1,raw/definitive/slot-0351.json
slot-0352,E,T1,0,0,1,1,raw/definitive/slot-0352.json
slot-0353,H,HE,1,1,1,1,raw/definitive/slot-0353.json
slot-0354,F,V0,0,1,0,1,raw/definitive/slot-0354.json
slot-0355,G,V0,1,0,0,1,raw/definitive/slot-0355.json
slot-0356,G,V0,1,0,0,1,raw/definitive/slot-0356.json
slot-0357,H,SHAMS,1,1,1,1,raw/definitive/slot-0357.json
slot-0358,F,V0,0,1,0,1,raw/definitive/slot-0358.json
slot-0359,E,T1,0,0,1,1,raw/definitive/slot-0359.json
slot-0360,E,T1,0,0,1,1,raw/definitive/slot-0360.json
slot-0361,G,V0,1,0,0,1,raw/definitive/slot-0361.json
slot-0362,E,T1,0,0,1,1,raw/definitive/slot-0362.json
slot-0363,F,V0,0,1,0,1,raw/definitive/slot-0363.json
slot-0364,H,HE,1,1,1,1,raw/definitive/slot-0364.json
slot-0365,E,HE,0,0,1,1,raw/definitive/slot-0365.json
slot-0366,F,V0,0,1,0,1,raw/definitive/slot-0366.json
slot-0367,H,HE,1,1,1,1,raw/definitive/slot-0367.json
slot-0368,G,V0,1,0,0,1,raw/definitive/slot-0368.json
slot-0369,G,V0,1,0,0,1,raw/definitive/slot-0369.json
slot-0370,G,V0,1,0,0,1,raw/definitive/slot-0370.json
slot-0371,E,T1,0,0,1,1,raw/definitive/slot-0371.json
slot-0372,G,V0,1,0,0,1,raw/definitive/slot-0372.json
slot-0373,E,HE,0,0,1,1,raw/definitive/slot-0373.json
slot-0374,G,V0,1,0,0,1,raw/definitive/slot-0374.json
slot-0375,F,V0,0,1,0,1,raw/definitive/slot-0375.json
slot-0376,G,V0,1,0,0,1,raw/definitive/slot-0376.json
slot-0377,G,V0,1,0,0,1,raw/definitive/slot-0377.json
slot-0378,F,V0,0,1,0,1,raw/definitive/slot-0378.json
slot-0379,H,HE,1,1,1,1,raw/definitive/slot-0379.json
slot-0380,G,V0,1,0,0,1,raw/definitive/slot-0380.json
slot-0381,G,V0,1,0,0,1,raw/definitive/slot-0381.json
slot-0382,H,HE,1,1,1,1,raw/definitive/slot-0382.json
slot-0383,E,T1,0,0,1,1,raw/definitive/slot-0383.json
slot-0384,F,V0,0,1,0,1,raw/definitive/slot-0384.json
slot-0385,E,T1,0,0,1,1,raw/definitive/slot-0385.json
slot-0386,E,T1,0,0,1,1,raw/definitive/slot-0386.json
slot-0387,H,HE,1,1,1,1,raw/definitive/slot-0387.json
slot-0388,F,V0,0,1,0,1,raw/definitive/slot-0388.json
slot-0389,H,T1,1,1,1,1,raw/definitive/slot-0389.json
slot-0390,G,V0,1,0,0,1,raw/definitive/slot-0390.json
slot-0391,G,V0,1,0,0,1,raw/definitive/slot-0391.json
slot-0392,F,V0,0,1,0,1,raw/definitive/slot-0392.json
slot-0393,F,V0,0,1,0,1,raw/definitive/slot-0393.json
slot-0394,G,V0,1,0,0,1,raw/definitive/slot-0394.json
slot-0395,E,T1,0,0,1,1,raw/definitive/slot-0395.json
slot-0396,E,T1,0,0,1,1,raw/definitive/slot-0396.json
slot-0397,F,V0,0,1,0,1,raw/definitive/slot-0397.json
slot-0398,G,V0,1,0,0,1,raw/definitive/slot-0398.json
slot-0399,E,HE,0,0,1,1,raw/definitive/slot-0399.json
slot-0400,F,V0,0,1,0,1,raw/definitive/slot-0400.json
slot-0401,H,HE,1,1,1,1,raw/definitive/slot-0401.json
slot-0402,G,V0,1,0,0,1,raw/definitive/slot-0402.json
slot-0403,E,T1,0,0,1,1,raw/definitive/slot-0403.json
slot-0404,H,HE,1,1,1,1,raw/definitive/slot-0404.json
slot-0405,E,T1,0,0,1,1,raw/definitive/slot-0405.json
slot-0406,E,T1,0,0,1,1,raw/definitive/slot-0406.json
slot-0407,G,V0,1,0,0,1,raw/definitive/slot-0407.json
slot-0408,G,V0,1,0,0,1,raw/definitive/slot-0408.json
slot-0409,H,HE,1,1,1,1,raw/definitive/slot-0409.json
slot-0410,F,V0,0,1,0,1,raw/definitive/slot-0410.json
slot-0411,G,V0,1,0,0,1,raw/definitive/slot-0411.json
slot-0412,E,T1,0,0,1,1,raw/definitive/slot-0412.json
slot-0413,E,T1,0,0,1,1,raw/definitive/slot-0413.json
slot-0414,E,T1,0,0,1,1,raw/definitive/slot-0414.json
slot-0415,F,V0,0,1,0,1,raw/definitive/slot-0415.json
slot-0416,G,V0,1,0,0,1,raw/definitive/slot-0416.json
slot-0417,F,V0,0,1,0,1,raw/definitive/slot-0417.json
slot-0418,F,V0,0,1,0,1,raw/definitive/slot-0418.json
slot-0419,H,HE,1,1,1,1,raw/definitive/slot-0419.json
slot-0420,H,T1,1,1,1,1,raw/definitive/slot-0420.json
slot-0421,G,V0,1,0,0,1,raw/definitive/slot-0421.json
slot-0422,F,V0,0,1,0,1,raw/definitive/slot-0422.json
slot-0423,F,V0,0,1,0,1,raw/definitive/slot-0423.json
slot-0424,G,V0,1,0,0,1,raw/definitive/slot-0424.json
slot-0425,G,V0,1,0,0,1,raw/definitive/slot-0425.json
slot-0426,E,T1,0,0,1,1,raw/definitive/slot-0426.json
slot-0427,F,V0,0,1,0,1,raw/definitive/slot-0427.json
slot-0428,H,HE,1,1,1,1,raw/definitive/slot-0428.json
slot-0429,E,T1,0,0,1,1,raw/definitive/slot-0429.json
slot-0430,G,V0,1,0,0,1,raw/definitive/slot-0430.json
slot-0431,E,HE,0,0,1,1,raw/definitive/slot-0431.json
slot-0432,E,T1,0,0,1,1,raw/definitive/slot-0432.json
slot-0433,E,T1,0,0,1,1,raw/definitive/slot-0433.json
slot-0434,E,HE,0,0,1,1,raw/definitive/slot-0434.json
slot-0435,H,HE,1,1,1,1,raw/definitive/slot-0435.json
slot-0436,E,T1,0,0,1,1,raw/definitive/slot-0436.json
slot-0437,G,V0,1,0,0,1,raw/definitive/slot-0437.json
slot-0438,H,HE,1,1,1,1,raw/definitive/slot-0438.json
slot-0439,H,HE,1,1,1,1,raw/definitive/slot-0439.json
slot-0440,E,T1,0,0,1,1,raw/definitive/slot-0440.json
slot-0441,F,V0,0,1,0,1,raw/definitive/slot-0441.json
slot-0442,F,V0,0,1,0,1,raw/definitive/slot-0442.json
slot-0443,H,HE,1,1,1,1,raw/definitive/slot-0443.json
slot-0444,E,T1,0,0,1,1,raw/definitive/slot-0444.json
slot-0445,F,V0,0,1,0,1,raw/definitive/slot-0445.json
slot-0446,F,V0,0,1,0,1,raw/definitive/slot-0446.json
slot-0447,H,T1,1,1,1,1,raw/definitive/slot-0447.json
slot-0448,E,T1,0,0,1,1,raw/definitive/slot-0448.json
slot-0449,G,V0,1,0,0,1,raw/definitive/slot-0449.json
slot-0450,H,T1,1,1,1,1,raw/definitive/slot-0450.json
slot-0451,G,V0,1,0,0,1,raw/definitive/slot-0451.json
slot-0452,G,V0,1,0,0,1,raw/definitive/slot-0452.json
slot-0453,H,HE,1,1,1,1,raw/definitive/slot-0453.json
slot-0454,F,V0,0,1,0,1,raw/definitive/slot-0454.json
slot-0455,E,T1,0,0,1,1,raw/definitive/slot-0455.json
slot-0456,F,V0,0,1,0,1,raw/definitive/slot-0456.json
slot-0457,H,HE,1,1,1,1,raw/definitive/slot-0457.json
slot-0458,G,V0,1,0,0,1,raw/definitive/slot-0458.json
slot-0459,H,HE,1,1,1,1,raw/definitive/slot-0459.json
slot-0460,G,V0,1,0,0,1,raw/definitive/slot-0460.json
slot-0461,E,T1,0,0,1,1,raw/definitive/slot-0461.json
slot-0462,G,V0,1,0,0,1,raw/definitive/slot-0462.json
slot-0463,F,V0,0,1,0,1,raw/definitive/slot-0463.json
slot-0464,F,V0,0,1,0,1,raw/definitive/slot-0464.json
slot-0465,G,V0,1,0,0,1,raw/definitive/slot-0465.json
slot-0466,G,V0,1,0,0,1,raw/definitive/slot-0466.json
slot-0467,F,V0,0,1,0,1,raw/definitive/slot-0467.json
slot-0468,G,V0,1,0,0,1,raw/definitive/slot-0468.json
slot-0469,G,V0,1,0,0,1,raw/definitive/slot-0469.json
slot-0470,G,V0,1,0,0,1,raw/definitive/slot-0470.json
slot-0471,F,V0,0,1,0,1,raw/definitive/slot-0471.json
slot-0472,H,HE,1,1,1,1,raw/definitive/slot-0472.json
slot-0473,F,V0,0,1,0,1,raw/definitive/slot-0473.json
slot-0474,F,V0,0,1,0,1,raw/definitive/slot-0474.json
slot-0475,E,T1,0,0,1,1,raw/definitive/slot-0475.json
slot-0476,G,V0,1,0,0,1,raw/definitive/slot-0476.json
slot-0477,H,HE,1,1,1,1,raw/definitive/slot-0477.json
slot-0478,E,T1,0,0,1,1,raw/definitive/slot-0478.json
slot-0479,G,V0,1,0,0,1,raw/definitive/slot-0479.json
slot-0480,G,V0,1,0,0,1,raw/definitive/slot-0480.json
slot-0481,E,T1,0,0,1,1,raw/definitive/slot-0481.json
slot-0482,E,HE,0,0,1,1,raw/definitive/slot-0482.json
slot-0483,H,HE,1,1,1,1,raw/definitive/slot-0483.json
slot-0484,G,V0,1,0,0,1,raw/definitive/slot-0484.json
slot-0485,G,V0,1,0,0,1,raw/definitive/slot-0485.json
slot-0486,F,V0,0,1,0,1,raw/definitive/slot-0486.json
slot-0487,F,V0,0,1,0,1,raw/definitive/slot-0487.json
slot-0488,G,V0,1,0,0,1,raw/definitive/slot-0488.json
slot-0489,F,V0,0,1,0,1,raw/definitive/slot-0489.json
slot-0490,H,HE,1,1,1,1,raw/definitive/slot-0490.json
slot-0491,F,V0,0,1,0,1,raw/definitive/slot-0491.json
slot-0492,F,V0,0,1,0,1,raw/definitive/slot-0492.json
slot-0493,E,T1,0,0,1,1,raw/definitive/slot-0493.json
slot-0494,E,T1,0,0,1,1,raw/definitive/slot-0494.json
slot-0495,H,HE,1,1,1,1,raw/definitive/slot-0495.json
slot-0496,H,HE,1,1,1,1,raw/definitive/slot-0496.json
slot-0497,G,V0,1,0,0,1,raw/definitive/slot-0497.json
slot-0498,F,V0,0,1,0,1,raw/definitive/slot-0498.json
slot-0499,G,V0,1,0,0,1,raw/definitive/slot-0499.json
slot-0500,F,V0,0,1,0,1,raw/definitive/slot-0500.json
slot-0501,H,HE,1,1,1,1,raw/definitive/slot-0501.json
slot-0502,E,T1,0,0,1,1,raw/definitive/slot-0502.json
slot-0503,E,T1,0,0,1,1,raw/definitive/slot-0503.json
slot-0504,F,V0,0,1,0,1,raw/definitive/slot-0504.json
slot-0505,H,HE,1,1,1,1,raw/definitive/slot-0505.json
slot-0506,E,T1,0,0,1,1,raw/definitive/slot-0506.json
slot-0507,H,HE,1,1,1,1,raw/definitive/slot-0507.json
slot-0508,H,HE,1,1,1,1,raw/definitive/slot-0508.json
slot-0509,H,T1,1,1,1,1,raw/definitive/slot-0509.json
slot-0510,G,V0,1,0,0,1,raw/definitive/slot-0510.json
slot-0511,E,T1,0,0,1,1,raw/definitive/slot-0511.json
slot-0512,G,V0,1,0,0,1,raw/definitive/slot-0512.json
slot-0513,E,T1,0,0,1,1,raw/definitive/slot-0513.json
slot-0514,F,V0,0,1,0,1,raw/definitive/slot-0514.json
slot-0515,H,HE,1,1,1,1,raw/definitive/slot-0515.json
slot-0516,H,HE,1,1,1,1,raw/definitive/slot-0516.json
slot-0517,H,T1,1,1,1,1,raw/definitive/slot-0517.json
slot-0518,F,V0,0,1,0,1,raw/definitive/slot-0518.json
slot-0519,H,HE,1,1,1,1,raw/definitive/slot-0519.json
slot-0520,G,V0,1,0,0,1,raw/definitive/slot-0520.json
slot-0521,F,V0,0,1,0,1,raw/definitive/slot-0521.json
slot-0522,H,T1,1,1,1,1,raw/definitive/slot-0522.json
slot-0523,E,HE,0,0,1,1,raw/definitive/slot-0523.json
slot-0524,F,V0,0,1,0,1,raw/definitive/slot-0524.json
slot-0525,H,T1,1,1,1,1,raw/definitive/slot-0525.json
slot-0526,G,V0,1,0,0,1,raw/definitive/slot-0526.json
slot-0527,G,V0,1,0,0,1,raw/definitive/slot-0527.json
slot-0528,E,T1,0,0,1,1,raw/definitive/slot-0528.json
slot-0529,E,T1,0,0,1,1,raw/definitive/slot-0529.json
slot-0530,H,T1,1,1,1,1,raw/definitive/slot-0530.json
slot-0531,G,V0,1,0,0,1,raw/definitive/slot-0531.json
slot-0532,H,HE,1,1,1,1,raw/definitive/slot-0532.json
slot-0533,F,V0,0,1,0,1,raw/definitive/slot-0533.json
slot-0534,H,HE,1,1,1,1,raw/definitive/slot-0534.json
slot-0535,F,V0,0,1,0,1,raw/definitive/slot-0535.json
slot-0536,G,V0,1,0,0,1,raw/definitive/slot-0536.json
slot-0537,E,HE,0,0,1,1,raw/definitive/slot-0537.json
slot-0538,E,T1,0,0,1,1,raw/definitive/slot-0538.json
slot-0539,H,HE,1,1,1,1,raw/definitive/slot-0539.json
slot-0540,E,T1,0,0,1,1,raw/definitive/slot-0540.json
slot-0541,F,V0,0,1,0,1,raw/definitive/slot-0541.json
slot-0542,G,V0,1,0,0,1,raw/definitive/slot-0542.json
slot-0543,F,V0,0,1,0,1,raw/definitive/slot-0543.json
slot-0544,E,T1,0,0,1,1,raw/definitive/slot-0544.json
slot-0545,E,T1,0,0,1,1,raw/definitive/slot-0545.json
slot-0546,G,V0,1,0,0,1,raw/definitive/slot-0546.json
slot-0547,G,V0,1,0,0,1,raw/definitive/slot-0547.json
slot-0548,H,HE,1,1,1,1,raw/definitive/slot-0548.json
slot-0549,E,T1,0,0,1,1,raw/definitive/slot-0549.json
slot-0550,F,V0,0,1,0,1,raw/definitive/slot-0550.json
slot-0551,G,V0,1,0,0,1,raw/definitive/slot-0551.json
slot-0552,G,V0,1,0,0,1,raw/definitive/slot-0552.json
slot-0553,G,V0,1,0,0,1,raw/definitive/slot-0553.json
slot-0554,F,V0,0,1,0,1,raw/definitive/slot-0554.json
slot-0555,G,V0,1,0,0,1,raw/definitive/slot-0555.json
slot-0556,F,V0,0,1,0,1,raw/definitive/slot-0556.json
slot-0557,H,HE,1,1,1,1,raw/definitive/slot-0557.json
slot-0558,E,T1,0,0,1,1,raw/definitive/slot-0558.json
slot-0559,E,T1,0,0,1,1,raw/definitive/slot-0559.json
slot-0560,H,T1,1,1,1,1,raw/definitive/slot-0560.json
slot-0561,F,V0,0,1,0,1,raw/definitive/slot-0561.json
slot-0562,F,V0,0,1,0,1,raw/definitive/slot-0562.json
slot-0563,H,T1,1,1,1,1,raw/definitive/slot-0563.json
slot-0564,E,T1,0,0,1,1,raw/definitive/slot-0564.json
slot-0565,H,HE,1,1,1,1,raw/definitive/slot-0565.json
slot-0566,H,HE,1,1,1,1,raw/definitive/slot-0566.json
slot-0567,G,V0,1,0,0,1,raw/definitive/slot-0567.json
slot-0568,F,V0,0,1,0,1,raw/definitive/slot-0568.json
slot-0569,F,V0,0,1,0,1,raw/definitive/slot-0569.json
slot-0570,E,T1,0,0,1,1,raw/definitive/slot-0570.json
slot-0571,F,V0,0,1,0,1,raw/definitive/slot-0571.json
slot-0572,E,T1,0,0,1,1,raw/definitive/slot-0572.json
slot-0573,H,HE,1,1,1,1,raw/definitive/slot-0573.json
slot-0574,E,T1,0,0,1,1,raw/definitive/slot-0574.json
slot-0575,E,T1,0,0,1,1,raw/definitive/slot-0575.json
slot-0576,F,V0,0,1,0,1,raw/definitive/slot-0576.json
slot-0577,E,T1,0,0,1,1,raw/definitive/slot-0577.json
slot-0578,F,V0,0,1,0,1,raw/definitive/slot-0578.json
slot-0579,H,HE,1,1,1,1,raw/definitive/slot-0579.json
slot-0580,G,V0,1,0,0,1,raw/definitive/slot-0580.json
slot-0581,F,V0,0,1,0,1,raw/definitive/slot-0581.json
slot-0582,G,V0,1,0,0,1,raw/definitive/slot-0582.json
slot-0583,F,V0,0,1,0,1,raw/definitive/slot-0583.json
slot-0584,F,V0,0,1,0,1,raw/definitive/slot-0584.json
slot-0585,E,T1,0,0,1,1,raw/definitive/slot-0585.json
slot-0586,F,V0,0,1,0,1,raw/definitive/slot-0586.json
slot-0587,H,HE,1,1,1,1,raw/definitive/slot-0587.json
slot-0588,F,V0,0,1,0,1,raw/definitive/slot-0588.json
slot-0589,E,HE,0,0,1,1,raw/definitive/slot-0589.json
slot-0590,F,V0,0,1,0,1,raw/definitive/slot-0590.json
slot-0591,H,HE,1,1,1,1,raw/definitive/slot-0591.json
slot-0592,H,T1,1,1,1,1,raw/definitive/slot-0592.json
slot-0593,E,T1,0,0,1,1,raw/definitive/slot-0593.json
slot-0594,G,V0,1,0,0,1,raw/definitive/slot-0594.json
slot-0595,F,V0,0,1,0,1,raw/definitive/slot-0595.json
slot-0596,F,V0,0,1,0,1,raw/definitive/slot-0596.json
slot-0597,G,V0,1,0,0,1,raw/definitive/slot-0597.json
slot-0598,G,V0,1,0,0,1,raw/definitive/slot-0598.json
slot-0599,H,T1,1,1,1,1,raw/definitive/slot-0599.json
slot-0600,H,T1,1,1,1,1,raw/definitive/slot-0600.json
slot-0601,E,T1,0,0,1,1,raw/definitive/slot-0601.json
slot-0602,G,V0,1,0,0,1,raw/definitive/slot-0602.json
slot-0603,G,V0,1,0,0,1,raw/definitive/slot-0603.json
slot-0604,G,V0,1,0,0,1,raw/definitive/slot-0604.json
slot-0605,F,V0,0,1,0,1,raw/definitive/slot-0605.json
slot-0606,E,T1,0,0,1,1,raw/definitive/slot-0606.json
slot-0607,F,V0,0,1,0,1,raw/definitive/slot-0607.json
slot-0608,G,V0,1,0,0,1,raw/definitive/slot-0608.json
slot-0609,E,T1,0,0,1,1,raw/definitive/slot-0609.json
slot-0610,F,V0,0,1,0,1,raw/definitive/slot-0610.json
slot-0611,E,T1,0,0,1,1,raw/definitive/slot-0611.json
slot-0612,H,T1,1,1,1,1,raw/definitive/slot-0612.json
slot-0613,F,V0,0,1,0,1,raw/definitive/slot-0613.json
slot-0614,H,T1,1,1,1,1,raw/definitive/slot-0614.json
slot-0615,G,V0,1,0,0,1,raw/definitive/slot-0615.json
slot-0616,F,V0,0,1,0,1,raw/definitive/slot-0616.json
slot-0617,F,V0,0,1,0,1,raw/definitive/slot-0617.json
slot-0618,E,T1,0,0,1,1,raw/definitive/slot-0618.json
slot-0619,F,V0,0,1,0,1,raw/definitive/slot-0619.json
slot-0620,G,V0,1,0,0,1,raw/definitive/slot-0620.json
slot-0621,E,T1,0,0,1,1,raw/definitive/slot-0621.json
slot-0622,F,V0,0,1,0,1,raw/definitive/slot-0622.json
slot-0623,E,T1,0,0,1,1,raw/definitive/slot-0623.json
slot-0624,E,T1,0,0,1,1,raw/definitive/slot-0624.json
slot-0625,E,T1,0,0,1,1,raw/definitive/slot-0625.json
slot-0626,H,HE,1,1,1,1,raw/definitive/slot-0626.json
slot-0627,E,T1,0,0,1,1,raw/definitive/slot-0627.json
slot-0628,H,HE,1,1,1,1,raw/definitive/slot-0628.json
slot-0629,G,V0,1,0,0,1,raw/definitive/slot-0629.json
slot-0630,E,T1,0,0,1,1,raw/definitive/slot-0630.json
slot-0631,F,V0,0,1,0,1,raw/definitive/slot-0631.json
slot-0632,G,V0,1,0,0,1,raw/definitive/slot-0632.json
slot-0633,F,V0,0,1,0,1,raw/definitive/slot-0633.json
slot-0634,E,T1,0,0,1,1,raw/definitive/slot-0634.json
slot-0635,F,V0,0,1,0,1,raw/definitive/slot-0635.json
slot-0636,H,T1,1,1,1,1,raw/definitive/slot-0636.json
slot-0637,E,T1,0,0,1,1,raw/definitive/slot-0637.json
slot-0638,H,HE,1,1,1,1,raw/definitive/slot-0638.json
slot-0639,F,V0,0,1,0,1,raw/definitive/slot-0639.json
slot-0640,G,V0,1,0,0,1,raw/definitive/slot-0640.json
slot-0641,F,V0,0,1,0,1,raw/definitive/slot-0641.json
slot-0642,G,V0,1,0,0,1,raw/definitive/slot-0642.json
slot-0643,H,HE,1,1,1,1,raw/definitive/slot-0643.json
slot-0644,F,V0,0,1,0,1,raw/definitive/slot-0644.json
slot-0645,H,HE,1,1,1,1,raw/definitive/slot-0645.json
slot-0646,H,HE,1,1,1,1,raw/definitive/slot-0646.json
slot-0647,G,V0,1,0,0,1,raw/definitive/slot-0647.json
slot-0648,H,T1,1,1,1,1,raw/definitive/slot-0648.json
slot-0649,F,V0,0,1,0,1,raw/definitive/slot-0649.json
slot-0650,H,HE,1,1,1,1,raw/definitive/slot-0650.json
slot-0651,H,HE,1,1,1,1,raw/definitive/slot-0651.json
slot-0652,E,T1,0,0,1,1,raw/definitive/slot-0652.json
slot-0653,F,V0,0,1,0,1,raw/definitive/slot-0653.json
slot-0654,F,V0,0,1,0,1,raw/definitive/slot-0654.json
slot-0655,H,HE,1,1,1,1,raw/definitive/slot-0655.json
slot-0656,H,HE,1,1,1,1,raw/definitive/slot-0656.json
slot-0657,G,V0,1,0,0,1,raw/definitive/slot-0657.json
slot-0658,G,V0,1,0,0,1,raw/definitive/slot-0658.json
slot-0659,E,T1,0,0,1,1,raw/definitive/slot-0659.json
slot-0660,E,T1,0,0,1,1,raw/definitive/slot-0660.json
slot-0661,H,HE,1,1,1,1,raw/definitive/slot-0661.json
slot-0662,F,V0,0,1,0,1,raw/definitive/slot-0662.json
slot-0663,H,HE,1,1,1,1,raw/definitive/slot-0663.json
slot-0664,H,HE,1,1,1,1,raw/definitive/slot-0664.json
slot-0665,H,HE,1,1,1,1,raw/definitive/slot-0665.json
slot-0666,E,T1,0,0,1,1,raw/definitive/slot-0666.json
slot-0667,H,HE,1,1,1,1,raw/definitive/slot-0667.json
slot-0668,G,V0,1,0,0,1,raw/definitive/slot-0668.json
slot-0669,E,T1,0,0,1,1,raw/definitive/slot-0669.json
slot-0670,G,V0,1,0,0,1,raw/definitive/slot-0670.json
slot-0671,E,T1,0,0,1,1,raw/definitive/slot-0671.json
slot-0672,F,V0,0,1,0,1,raw/definitive/slot-0672.json
slot-0673,H,HE,1,1,1,1,raw/definitive/slot-0673.json
slot-0674,H,HE,1,1,1,1,raw/definitive/slot-0674.json
slot-0675,G,V0,1,0,0,1,raw/definitive/slot-0675.json
slot-0676,H,HE,1,1,1,1,raw/definitive/slot-0676.json
slot-0677,E,T1,0,0,1,1,raw/definitive/slot-0677.json
slot-0678,H,T1,1,1,1,1,raw/definitive/slot-0678.json
slot-0679,E,T1,0,0,1,1,raw/definitive/slot-0679.json
slot-0680,E,T1,0,0,1,1,raw/definitive/slot-0680.json
slot-0681,G,V0,1,0,0,1,raw/definitive/slot-0681.json
slot-0682,E,T1,0,0,1,1,raw/definitive/slot-0682.json
slot-0683,H,HE,1,1,1,1,raw/definitive/slot-0683.json
slot-0684,H,HE,1,1,1,1,raw/definitive/slot-0684.json
slot-0685,G,V0,1,0,0,1,raw/definitive/slot-0685.json
slot-0686,E,T1,0,0,1,1,raw/definitive/slot-0686.json
slot-0687,G,V0,1,0,0,1,raw/definitive/slot-0687.json
slot-0688,E,T1,0,0,1,1,raw/definitive/slot-0688.json
slot-0689,G,V0,1,0,0,1,raw/definitive/slot-0689.json
slot-0690,H,HE,1,1,1,1,raw/definitive/slot-0690.json
slot-0691,G,V0,1,0,0,1,raw/definitive/slot-0691.json
slot-0692,F,V0,0,1,0,1,raw/definitive/slot-0692.json
slot-0693,H,T1,1,1,1,1,raw/definitive/slot-0693.json
slot-0694,G,V0,1,0,0,1,raw/definitive/slot-0694.json
slot-0695,E,T1,0,0,1,1,raw/definitive/slot-0695.json
slot-0696,F,V0,0,1,0,1,raw/definitive/slot-0696.json
slot-0697,F,V0,0,1,0,1,raw/definitive/slot-0697.json
slot-0698,F,V0,0,1,0,1,raw/definitive/slot-0698.json
slot-0699,H,HE,1,1,1,1,raw/definitive/slot-0699.json
slot-0700,H,T1,1,1,1,1,raw/definitive/slot-0700.json
slot-0701,G,V0,1,0,0,1,raw/definitive/slot-0701.json
slot-0702,H,HE,1,1,1,1,raw/definitive/slot-0702.json
slot-0703,H,HE,1,1,1,1,raw/definitive/slot-0703.json
slot-0704,E,T1,0,0,1,1,raw/definitive/slot-0704.json
slot-0705,E,HE,0,0,1,1,raw/definitive/slot-0705.json
slot-0706,G,V0,1,0,0,1,raw/definitive/slot-0706.json
slot-0707,H,HE,1,1,1,1,raw/definitive/slot-0707.json
slot-0708,E,T1,0,0,1,1,raw/definitive/slot-0708.json
slot-0709,F,V0,0,1,0,1,raw/definitive/slot-0709.json
slot-0710,F,V0,0,1,0,1,raw/definitive/slot-0710.json
slot-0711,G,V0,1,0,0,1,raw/definitive/slot-0711.json
slot-0712,E,T1,0,0,1,1,raw/definitive/slot-0712.json
slot-0713,F,V0,0,1,0,1,raw/definitive/slot-0713.json
slot-0714,F,V0,0,1,0,1,raw/definitive/slot-0714.json
slot-0715,F,V0,0,1,0,1,raw/definitive/slot-0715.json
slot-0716,G,V0,1,0,0,1,raw/definitive/slot-0716.json
slot-0717,E,T1,0,0,1,1,raw/definitive/slot-0717.json
slot-0718,H,HE,1,1,1,1,raw/definitive/slot-0718.json
slot-0719,H,T1,1,1,1,1,raw/definitive/slot-0719.json
slot-0720,H,HE,1,1,1,1,raw/definitive/slot-0720.json
slot-0721,H,T1,1,1,1,1,raw/definitive/slot-0721.json
slot-0722,G,V0,1,0,0,1,raw/definitive/slot-0722.json
slot-0723,G,V0,1,0,0,1,raw/definitive/slot-0723.json
slot-0724,E,T1,0,0,1,1,raw/definitive/slot-0724.json
slot-0725,F,V0,0,1,0,1,raw/definitive/slot-0725.json
slot-0726,F,V0,0,1,0,1,raw/definitive/slot-0726.json
slot-0727,G,V0,1,0,0,1,raw/definitive/slot-0727.json
slot-0728,H,HE,1,1,1,1,raw/definitive/slot-0728.json
slot-0729,G,V0,1,0,0,1,raw/definitive/slot-0729.json
slot-0730,F,V0,0,1,0,1,raw/definitive/slot-0730.json
slot-0731,F,V0,0,1,0,1,raw/definitive/slot-0731.json
slot-0732,H,HE,1,1,1,1,raw/definitive/slot-0732.json
slot-0733,G,V0,1,0,0,1,raw/definitive/slot-0733.json
slot-0734,E,T1,0,0,1,1,raw/definitive/slot-0734.json
slot-0735,H,HE,1,1,1,1,raw/definitive/slot-0735.json
slot-0736,H,HE,1,1,1,1,raw/definitive/slot-0736.json
slot-0737,F,V0,0,1,0,1,raw/definitive/slot-0737.json
slot-0738,E,T1,0,0,1,1,raw/definitive/slot-0738.json
slot-0739,E,T1,0,0,1,1,raw/definitive/slot-0739.json
slot-0740,H,HE,1,1,1,1,raw/definitive/slot-0740.json
slot-0741,H,HE,1,1,1,1,raw/definitive/slot-0741.json
slot-0742,G,V0,1,0,0,1,raw/definitive/slot-0742.json
slot-0743,G,V0,1,0,0,1,raw/definitive/slot-0743.json
slot-0744,E,T1,0,0,1,1,raw/definitive/slot-0744.json
slot-0745,G,V0,1,0,0,1,raw/definitive/slot-0745.json
slot-0746,F,V0,0,1,0,1,raw/definitive/slot-0746.json
slot-0747,H,HE,1,1,1,1,raw/definitive/slot-0747.json
slot-0748,G,V0,1,0,0,1,raw/definitive/slot-0748.json
slot-0749,E,T1,0,0,1,1,raw/definitive/slot-0749.json
slot-0750,E,T1,0,0,1,1,raw/definitive/slot-0750.json
slot-0751,E,T1,0,0,1,1,raw/definitive/slot-0751.json
slot-0752,G,V0,1,0,0,1,raw/definitive/slot-0752.json
slot-0753,H,HE,1,1,1,1,raw/definitive/slot-0753.json
slot-0754,G,V0,1,0,0,1,raw/definitive/slot-0754.json
slot-0755,G,V0,1,0,0,1,raw/definitive/slot-0755.json
slot-0756,F,V0,0,1,0,1,raw/definitive/slot-0756.json
slot-0757,F,V0,0,1,0,1,raw/definitive/slot-0757.json
slot-0758,G,V0,1,0,0,1,raw/definitive/slot-0758.json
slot-0759,G,V0,1,0,0,1,raw/definitive/slot-0759.json
slot-0760,H,HE,1,1,1,1,raw/definitive/slot-0760.json
slot-0761,H,HE,1,1,1,1,raw/definitive/slot-0761.json
slot-0762,E,T1,0,0,1,1,raw/definitive/slot-0762.json
slot-0763,E,T1,0,0,1,1,raw/definitive/slot-0763.json
slot-0764,H,HE,1,1,1,1,raw/definitive/slot-0764.json
slot-0765,G,V0,1,0,0,1,raw/definitive/slot-0765.json
slot-0766,G,V0,1,0,0,1,raw/definitive/slot-0766.json
slot-0767,E,T1,0,0,1,1,raw/definitive/slot-0767.json
slot-0768,G,V0,1,0,0,1,raw/definitive/slot-0768.json
slot-0769,E,T1,0,0,1,1,raw/definitive/slot-0769.json
slot-0770,H,HE,1,1,1,1,raw/definitive/slot-0770.json
slot-0771,F,V0,0,1,0,1,raw/definitive/slot-0771.json
slot-0772,H,T1,1,1,1,1,raw/definitive/slot-0772.json
slot-0773,E,HE,0,0,1,1,raw/definitive/slot-0773.json
slot-0774,F,V0,0,1,0,1,raw/definitive/slot-0774.json
slot-0775,E,T1,0,0,1,1,raw/definitive/slot-0775.json
slot-0776,E,T1,0,0,1,1,raw/definitive/slot-0776.json
slot-0777,F,V0,0,1,0,1,raw/definitive/slot-0777.json
slot-0778,F,V0,0,1,0,1,raw/definitive/slot-0778.json
slot-0779,G,V0,1,0,0,1,raw/definitive/slot-0779.json
slot-0780,G,V0,1,0,0,1,raw/definitive/slot-0780.json
slot-0781,E,T1,0,0,1,1,raw/definitive/slot-0781.json
slot-0782,F,V0,0,1,0,1,raw/definitive/slot-0782.json
slot-0783,E,T1,0,0,1,1,raw/definitive/slot-0783.json
slot-0784,G,V0,1,0,0,1,raw/definitive/slot-0784.json
slot-0785,E,T1,0,0,1,1,raw/definitive/slot-0785.json
slot-0786,E,T1,0,0,1,1,raw/definitive/slot-0786.json
slot-0787,F,V0,0,1,0,1,raw/definitive/slot-0787.json
slot-0788,F,V0,0,1,0,1,raw/definitive/slot-0788.json
slot-0789,F,V0,0,1,0,1,raw/definitive/slot-0789.json
slot-0790,E,T1,0,0,1,1,raw/definitive/slot-0790.json
slot-0791,F,V0,0,1,0,1,raw/definitive/slot-0791.json
slot-0792,F,V0,0,1,0,1,raw/definitive/slot-0792.json
slot-0793,E,T1,0,0,1,1,raw/definitive/slot-0793.json
slot-0794,G,V0,1,0,0,1,raw/definitive/slot-0794.json
slot-0795,H,HE,1,1,1,1,raw/definitive/slot-0795.json
slot-0796,F,V0,0,1,0,1,raw/definitive/slot-0796.json
slot-0797,G,V0,1,0,0,1,raw/definitive/slot-0797.json
slot-0798,H,HE,1,1,1,1,raw/definitive/slot-0798.json
slot-0799,G,V0,1,0,0,1,raw/definitive/slot-0799.json
slot-0800,E,T1,0,0,1,1,raw/definitive/slot-0800.json
